,구동,상권명,분기당매출,새벽,오전,점심,오후,저녁,야간,남성,여성,주중,주말,10대,20대,30대,40대,50대,60대이상,점포수
0,강남구 개포동,강남개포시장,312689030,0,12,33,28,25,2,43,57,212771413,99917617,14726241,61483835,52175339,68996062,63164727,27453276,27
1,강남구 개포동,강남개포시장,431980344,0,13,32,25,27,4,42,58,298380792,133599552,16658821,77719982,78267535,99778168,76698464,42893767,28
2,강남구 개포동,강남개포시장,424620553,0,15,32,27,24,3,42,58,297685421,126935132,16138673,74810040,76183992,105654369,79630052,39584308,29
3,강남구 개포동,강남개포시장,370069989,0,19,30,26,22,3,48,52,254089188,115980801,17701895,72259547,65485372,93981338,60725292,33237089,20
4,강남구 개포동,국립국악고등학교,47123812,0,15,38,30,16,1,51,49,34991864,12131948,292779,5889626,12103350,11056154,7157426,6266833,3
5,강남구 개포동,국립국악고등학교,59080093,0,12,35,26,23,3,48,52,46599533,12480560,309120,4428453,15046121,11165096,15146891,6366243,3
6,강남구 개포동,국립국악고등학교,59590754,0,10,38,33,19,1,49,51,46162409,13428345,491597,7260920,9619495,14068375,13184591,6044866,3
7,강남구 개포동,국립국악고등학교,52520481,0,8,43,31,18,1,44,56,40596882,11923599,510661,6791113,6818348,12509156,13311235,7512847,3
8,강남구 개포동,포이사거리(삼호물산),1167331619,1,24,44,20,10,1,55,45,1046729479,120602140,1420524,203621727,221547815,141984996,82363113,60118129,79
9,강남구 개포동,포이사거리(삼호물산),1428504444,1,24,43,19,10,3,56,44,1283580967,144923477,5716575,245372665,303965596,195166289,109857509,45984914,82
10,강남구 개포동,포이사거리(삼호물산),1345504748,0,25,44,20,10,1,57,43,1221099583,124405165,6082130,219878813,267563966,178467558,95126856,43350700,82
11,강남구 개포동,포이사거리(삼호물산),1186756667,0,25,45,19,8,2,57,43,1095561682,91194985,6754158,178566869,214554061,160171692,71304268,30559915,84
12,강남구 개포동,포이초등학교(개포목련어린이공원),75790770,0,15,38,30,17,0,49,51,64210906,11579864,1127362,14430116,20737837,16131960,11014904,6062972,12
13,강남구 개포동,포이초등학교(개포목련어린이공원),168345423,0,12,30,35,23,1,42,58,135723098,32622325,4886480,28894661,43469567,53531509,20463604,6883019,15
14,강남구 개포동,포이초등학교(개포목련어린이공원),236100926,0,8,36,34,22,1,40,61,166501215,69599711,6186708,53149110,58394257,64800392,32025221,14512536,17
15,강남구 개포동,포이초등학교(개포목련어린이공원),221870611,0,6,38,33,22,1,50,51,165296681,56573930,5054567,58492165,53872736,51360141,21076312,10948114,17
16,강남구 논현동,경복아파트교차로,623757146,2,23,42,23,8,3,49,51,566079923,57677223,882644,114140021,181678580,113638212,64734002,18751224,24
17,강남구 논현동,경복아파트교차로,1049498716,1,19,47,20,10,2,49,51,948344703,101154013,388353,201699963,311909959,185510625,95319130,39671878,31
18,강남구 논현동,경복아파트교차로,1070710014,2,23,43,24,7,2,51,49,968631836,102078178,1331268,212368402,360118203,171163976,98430347,38583271,33
19,강남구 논현동,경복아파트교차로,1287081226,1,19,47,23,8,2,42,58,1181942311,105138915,2553993,233126845,361038924,287851759,88481803,33248658,39
20,강남구 논현동,논현2동주민센터,153955520,3,20,38,23,14,2,54,46,128220002,25735518,246643,34179884,44169978,28848454,20091152,7456960,18
21,강남구 논현동,논현2동주민센터,259467205,1,17,42,21,17,1,50,50,220846470,38620735,1295279,55720406,81663717,41457052,31686962,12311568,23
22,강남구 논현동,논현2동주민센터,255038212,0,17,41,22,18,2,52,48,219332553,35705659,589378,59133687,79617637,39996637,29282890,11824363,26
23,강남구 논현동,논현2동주민센터,279349087,4,14,36,20,17,9,54,46,223248375,56100712,864578,54324093,82254654,41060908,23951017,12351056,25
24,강남구 논현동,논현목련공원,20152762,14,11,22,25,16,12,64,36,13850422,6302340,74672,8469282,5949220,1676917,1125123,762089,3
25,강남구 논현동,논현목련공원,42746536,7,13,28,20,22,10,68,32,31550328,11196208,350702,12123173,14256227,2741245,1607257,821395,3
26,강남구 논현동,논현목련공원,42944803,9,19,18,25,20,9,69,31,33026779,9918024,753932,12137079,13447191,1892556,2178886,1696348,3
27,강남구 논현동,논현목련공원,33814700,12,18,19,24,15,12,63,37,24167556,9647144,59223,10502528,10665778,3290730,1897707,1493446,3
28,강남구 논현동,논현역,2014988743,1,17,37,23,17,4,48,52,1727600175,287388568,11306674,448043780,532131280,260239874,185384534,72206000,146
29,강남구 논현동,논현역,3230712261,5,14,33,21,21,6,49,51,2641738736,588973525,24970630,809370751,876038769,417474443,294623883,181471486,152
30,강남구 논현동,논현역,3129580155,3,18,35,22,19,4,50,50,2566427425,563152730,28316771,794177351,815902997,392186309,256841997,157990069,149
31,강남구 논현동,논현역,3275016954,2,16,37,20,21,5,48,52,2759624028,515392926,34660351,817941212,835886989,411580079,291642773,144426596,151
32,강남구 논현동,논현초등학교,90805222,10,8,20,23,30,9,58,42,65686580,25118642,956512,39738692,21642831,10512147,4237746,2079273,20
33,강남구 논현동,논현초등학교,111258320,6,12,21,22,29,11,61,39,79701388,31556932,1942564,47695413,26822149,13865000,5420725,3013682,20
34,강남구 논현동,논현초등학교,102669094,6,10,19,24,29,12,62,38,72144294,30524800,2129258,45518051,25584556,12146351,7229781,2075062,18
35,강남구 논현동,논현초등학교,109746686,13,11,18,21,24,14,60,40,81199775,28546911,1867078,46870545,30292857,12776891,6882322,3123499,22
36,강남구 논현동,서울세관,1200887937,0,15,47,19,17,2,50,50,1042179892,158708045,2793423,221967082,315980438,200563515,87243776,40934751,37
37,강남구 논현동,서울세관,1487401178,0,16,47,21,14,2,49,51,1307406340,179994838,3603150,277223285,417482395,236193721,105748845,61101701,46
38,강남구 논현동,서울세관,1424081166,0,18,47,21,14,1,51,49,1229086387,194994779,4541197,269732890,372618404,212946488,149203953,60784940,48
39,강남구 논현동,서울세관,1049918812,0,16,47,22,14,1,51,49,881111207,168807605,2901392,211574680,282608592,153571708,85118549,67757246,36
40,강남구 논현동,언북중학교,171234560,2,10,45,19,18,6,47,54,139889017,31345543,1155464,38547685,51822023,23543709,10593426,6891264,17
41,강남구 논현동,언북중학교,211412100,1,11,50,20,15,4,48,53,179134472,32277628,1896957,48440067,63538547,30295639,20228355,7418827,19
42,강남구 논현동,언북중학교,193300512,1,11,51,19,14,4,51,49,166663685,26636827,1174509,47347324,54168251,24251818,14565047,7038219,21
43,강남구 논현동,언북중학교,252867569,2,13,48,19,11,7,49,52,216477106,36390463,3200115,63891795,69458534,28613260,20298992,8059749,18
44,강남구 논현동,언주역 3번,72063543,5,10,33,20,22,10,60,40,57496470,14567073,0,16705682,24739809,9459145,5730823,2152959,16
45,강남구 논현동,언주역 3번,132938446,5,8,30,24,19,13,57,43,103016338,29922108,170118,33352497,42363508,17581990,12934863,5181703,24
46,강남구 논현동,언주역 3번,153739725,6,11,31,20,22,10,50,50,112978933,40760792,1572516,49298063,45451750,21653135,12261889,5115870,26
47,강남구 논현동,언주역 3번,169930792,3,12,35,20,23,7,41,59,127747597,42183195,3034666,56014802,46346300,22913244,12996053,3443024,24
48,강남구 논현동,언주역 6번,72573393,0,17,41,20,18,4,52,48,65277347,7296046,23747,11284634,22943747,11822795,4607248,1230653,12
49,강남구 논현동,언주역 6번,105012221,1,15,40,22,19,4,53,47,93410722,11601499,126842,15544980,33854247,15561973,6412493,3171753,15
50,강남구 논현동,언주역 6번,106234391,1,20,36,18,21,4,53,47,91895994,14338397,282655,20628942,33128625,16121709,6447597,3275407,15
51,강남구 논현동,언주역 6번,112530788,1,21,33,19,21,6,52,48,100350656,12180132,421790,20944943,34956532,15743512,6516580,3343271,15
52,강남구 논현동,언주역(차병원),1240764797,0,16,41,25,16,1,40,60,1014147373,226617424,27643277,373346510,344360367,196499428,91674422,62947434,82
53,강남구 논현동,언주역(차병원),1508518829,0,16,39,25,18,2,41,59,1204558802,303960027,15993114,441590582,433441716,230125401,138598247,97506567,86
54,강남구 논현동,언주역(차병원),1364987011,0,19,38,26,17,2,42,58,1140268296,224718715,7755182,337113504,375847857,246497006,142788509,86534277,84
55,강남구 논현동,언주역(차병원),1451788913,4,18,37,23,16,3,44,56,1138017935,313770978,5788010,324828742,391984406,240864298,140235044,91838152,78
56,강남구 논현동,영동전통시장,85961463,0,5,22,22,34,17,59,41,65405679,20555784,205033,16421296,27698563,17774452,12346575,7502169,6
57,강남구 논현동,영동전통시장,72460284,0,3,20,22,35,22,55,45,52764034,19696250,217891,16080484,20512222,16015569,9948178,5538217,4
58,강남구 논현동,영동전통시장,54515937,0,3,14,25,37,21,50,50,38923601,15592336,228962,10749782,14281526,12180797,7733204,5987366,3
59,강남구 논현동,영동전통시장,74395593,0,1,16,23,33,26,52,48,54052287,20343306,264201,15973926,17459892,19949062,11171023,5553474,3
60,강남구 논현동,학동근린공원,2028408,0,0,33,54,13,0,16,84,1826911,201497,0,55972,1815716,0,0,0,3
61,강남구 논현동,학동근린공원,3092986,0,1,37,49,14,0,34,66,2253415,839571,0,557476,1757506,263066,0,0,3
62,강남구 논현동,학동근린공원,23190120,0,0,59,23,19,0,55,45,11156243,12033877,0,291052,5626257,4869522,11966711,0,3
63,강남구 논현동,학동근린공원,7824818,0,0,7,92,1,0,2,99,7589737,235081,0,145526,7321075,33583,0,0,3
64,강남구 논현동,학동역,1469710105,0,21,41,23,12,3,50,50,1255017475,214692630,3650253,328680993,463049202,229011032,115260886,42799505,72
65,강남구 논현동,학동역,1793024854,0,20,39,21,16,4,49,51,1518158173,274866681,6420158,444855124,527059803,260950354,149153562,52386363,75
66,강남구 논현동,학동역,1684349286,0,21,38,24,15,3,48,52,1429437250,254912036,6063301,400110369,487184709,278912260,136144558,51326376,70
67,강남구 논현동,학동역,1893756303,0,15,43,20,18,4,50,51,1617624422,276131881,9308700,480118738,544161533,266943669,139426437,73462587,84
68,강남구 대치동,대치2동주민센터,249904063,1,7,35,15,34,9,64,36,206896704,43007359,43511,10516152,31699727,39649029,45332437,19909091,15
69,강남구 대치동,대치2동주민센터,311878830,1,6,32,15,31,15,58,42,226166735,85712095,165254,19730767,36261772,59652662,58843539,28116513,15
70,강남구 대치동,대치2동주민센터,188285699,2,12,35,14,31,7,62,38,142441993,45843706,139544,12102204,24695338,38363769,38471757,23453822,16
71,강남구 대치동,대치2동주민센터,397174783,1,6,21,15,43,15,52,48,284697097,112477686,622314,38340676,55726181,73257963,66285912,28387215,18
72,강남구 대치동,대치동아우편취급국,33897328,0,13,47,19,19,2,45,55,29864699,4032629,145285,7408738,8279469,7391852,4980740,801131,6
73,강남구 대치동,대치동아우편취급국,38363373,0,13,54,18,14,2,43,57,35388326,2975047,0,7402518,10703551,6310936,5081055,1443419,6
74,강남구 대치동,대치동아우편취급국,34827109,0,14,55,18,11,2,42,58,31996329,2830780,27386,7171677,9996554,7544177,4219530,1193551,6
75,강남구 대치동,대치동아우편취급국,36817407,0,17,54,16,12,1,46,54,33764265,3053142,24989,8816583,7793460,8024225,3639711,1214688,6
76,강남구 대치동,대치사거리,901017027,0,19,29,27,23,3,43,57,649630062,251386965,41322588,135996684,179022563,318864659,153740860,24438003,21
77,강남구 대치동,대치사거리,1126710644,0,19,27,25,25,4,41,59,781168055,345542589,48914753,226078081,209198315,370353174,172253432,37368236,24
78,강남구 대치동,대치사거리,1366412274,0,19,27,26,25,3,42,58,964104729,402307545,80044751,205046513,218915245,496451628,222708032,47718005,22
79,강남구 대치동,대치사거리,1398692410,0,16,31,26,23,4,43,57,951598660,447093750,72339151,216745440,225093173,489139872,221315731,49015218,27
80,강남구 대치동,대치역,710137907,0,17,31,26,24,2,40,60,516494703,193643204,107250620,129882888,100438672,210125262,136740149,24761362,17
81,강남구 대치동,대치역,943259123,0,18,26,27,25,5,43,58,674375628,268883495,129094957,188229235,140940924,273492240,182556008,28945759,15
82,강남구 대치동,대치역,1016384384,0,21,27,24,24,3,44,56,749143593,267240791,136220104,201820636,159511895,297640905,190559098,30631746,20
83,강남구 대치동,대치역,845687268,0,19,29,27,22,3,43,57,623938815,221748453,85562870,177366445,157239116,232038120,148027131,27532942,25
84,강남구 대치동,도곡초등학교,97134088,0,11,35,26,27,1,49,51,76508387,20625701,6201618,21205611,17539308,25193465,13976825,7274494,25
85,강남구 대치동,도곡초등학교,124199443,0,10,29,32,28,2,46,54,92466131,31733312,4242676,22084436,24097227,34301924,19040959,10775033,26
86,강남구 대치동,도곡초등학교,149974561,0,14,33,29,24,1,48,52,107985371,41989190,5302912,29991883,29240919,42180833,22784807,10828808,27
87,강남구 대치동,도곡초등학교,151298828,0,7,30,32,29,3,43,57,102190898,49107930,9785316,26683799,25383643,47444498,26195288,7844614,27
88,강남구 대치동,선릉역,5433994262,2,13,37,22,22,4,59,41,4433868554,1000125708,123891664,1595636479,1457092462,762736666,585433967,268950923,240
89,강남구 대치동,선릉역,6654635303,4,13,36,19,19,8,59,41,5371474615,1283160688,143385181,2015008194,1706957660,1042499961,682786317,288508419,231
90,강남구 대치동,선릉역,6157692467,1,16,38,21,21,3,61,39,5069809714,1087882753,181416928,1846782586,1592026235,925413227,637274776,276371842,233
91,강남구 대치동,선릉역,4559134836,0,18,44,18,16,4,53,47,3971269596,587865240,75171243,901597248,1108046529,735834683,552213870,259747035,211
92,강남구 대치동,은마아파트,754611694,0,10,36,32,21,2,31,69,613653464,140958230,41158490,138728845,111801591,267105644,133760044,21418244,44
93,강남구 대치동,은마아파트,833985660,0,9,31,31,27,3,32,69,655501784,178483876,54829480,130025065,138241699,308138346,138720116,20385151,43
94,강남구 대치동,은마아파트,822783848,0,15,35,26,22,2,31,69,651415248,171368600,58293641,175848776,107122665,282998076,135859537,19167549,43
95,강남구 대치동,은마아파트,843290728,0,9,32,34,22,3,29,72,687935169,155355559,49637453,203311261,145612155,273988260,111167018,31232346,38
96,강남구 대치동,휘문고교사거리,133653611,0,25,51,24,1,0,54,46,132958095,695516,133817,16378224,46889970,26778121,13060337,3858508,21
97,강남구 대치동,휘문고교사거리,137408355,0,31,49,17,4,0,55,45,131420415,5987940,114241,21678974,55224652,28561614,14175447,4702138,24
98,강남구 대치동,휘문고교사거리,126635843,0,34,45,20,2,0,56,44,120833792,5802051,118112,17159819,43134375,22963388,11095905,2429272,23
99,강남구 대치동,휘문고교사거리,270906681,0,30,42,21,7,0,53,47,235427317,35479364,3637676,59835638,99504765,48410066,19101213,4835283,24
100,강남구 도곡동,강남 마이스 관광특구,1794094670,0,15,37,28,19,1,41,60,1322780384,471314286,10727831,395431923,544372659,276812499,165485566,80468063,51
101,강남구 도곡동,강남 마이스 관광특구,2053055072,0,18,36,28,17,2,41,59,1514340727,538714345,13776777,464861707,619434734,338451624,188899031,79428644,51
102,강남구 도곡동,강남 마이스 관광특구,1587526033,0,17,37,29,16,1,43,57,1211515839,376010194,12508977,366798343,456386065,251945158,148038162,59250081,51
103,강남구 도곡동,강남 마이스 관광특구,2493559877,0,14,36,29,20,1,38,62,1811239976,682319901,35919625,634088378,733044121,386125363,210570943,91217926,51
104,강남구 도곡동,강남세브란스병원미래의학연구센터,56489320,1,21,37,29,10,3,54,46,52871056,3618264,0,5147383,10010362,6709925,3918917,2196018,6
105,강남구 도곡동,강남세브란스병원미래의학연구센터,66972249,0,21,42,24,12,2,56,44,61992413,4979836,45459,4954000,11954113,8312565,7946196,4520327,6
106,강남구 도곡동,강남세브란스병원미래의학연구센터,54758594,0,20,42,24,12,2,57,43,49019306,5739288,670526,6941938,9509503,8170920,5105352,2879875,6
107,강남구 도곡동,강남세브란스병원미래의학연구센터,78730166,0,15,53,19,11,3,48,52,70739965,7990201,583226,10737689,17228091,15954483,8233414,4218537,9
108,강남구 도곡동,도곡1동,1384149558,0,20,43,23,13,2,47,54,1096121895,288027663,19522020,288333993,366866687,247050293,124517709,58490390,39
109,강남구 도곡동,도곡1동,2015421830,0,21,34,26,17,2,44,56,1628880722,386541108,17132749,397277003,401899454,368605783,289057573,299027544,51
110,강남구 도곡동,도곡1동,2043378614,0,25,35,25,14,1,49,51,1563061102,480317512,28950662,418619107,504746036,363054787,264771593,251680719,54
111,강남구 도곡동,도곡1동,1957039187,0,19,31,35,13,2,49,51,1689751626,267287561,29382134,391979231,378665184,338520691,184481101,104608291,39
112,강남구 도곡동,도곡2동주민센터(대치중학교),150286974,0,6,33,35,25,2,43,58,92844065,57442909,250574,35568856,41160462,23138623,19452161,10171167,6
113,강남구 도곡동,도곡2동주민센터(대치중학교),200353935,0,7,31,32,28,2,42,59,121166747,79187188,977921,47721704,54728225,28128851,28717554,12266434,4
114,강남구 도곡동,도곡2동주민센터(대치중학교),162313559,0,9,29,35,26,1,43,57,98264070,64049489,501149,42540083,42464033,24920917,20224358,12922607,3
115,강남구 도곡동,도곡2동주민센터(대치중학교),209118278,0,7,33,32,24,5,41,59,131199462,77918816,1442995,43360055,59798500,33860662,25832539,17666942,5
116,강남구 도곡동,매봉역,3182581941,0,13,44,23,18,2,41,59,2114894338,1067687603,7348138,628318024,707989682,564895940,560959059,312434656,59
117,강남구 도곡동,매봉역,3602601811,0,16,44,21,17,3,41,60,2491665631,1110936180,19439327,684647967,858759081,693724452,543747077,300264423,63
118,강남구 도곡동,매봉역,3494015070,0,16,45,21,17,2,41,59,2414657536,1079357534,16448705,669732441,826926890,657459274,509777675,290308276,62
119,강남구 도곡동,매봉역,3324131391,0,18,46,22,13,2,39,61,2190536426,1133594965,19729172,622739094,793354072,665787619,475147757,306213314,55
120,강남구 도곡동,매봉역 1번,33647311,0,45,31,14,10,1,46,54,29923336,3723975,131395,7469427,14136362,6884478,3401053,1241620,6
121,강남구 도곡동,매봉역 1번,56232930,0,50,24,16,11,0,42,58,51880375,4352555,466752,12334929,22212878,9211657,6392026,1700731,6
122,강남구 도곡동,매봉역 1번,49338469,0,44,26,21,10,0,42,58,45022524,4315945,634245,10632343,20485442,5931885,5521788,2490424,6
123,강남구 도곡동,매봉역 1번,42787256,0,44,32,18,5,0,38,62,39921729,2865527,387848,10090543,16776080,6345162,3670934,2461031,6
124,강남구 도곡동,한티역,1153667680,1,13,27,30,27,2,39,61,787410271,366257409,83608204,222817946,161244146,333938266,244622713,51895232,52
125,강남구 도곡동,한티역,2196567661,0,12,29,28,27,4,44,56,1559755482,636812179,144504192,341478791,283308624,539951337,511223330,291204926,60
126,강남구 도곡동,한티역,2260510616,0,13,31,29,25,2,47,53,1655738207,604772409,162497192,342458566,227679225,590970189,572365104,279642520,57
127,강남구 도곡동,한티역,1577122422,0,16,27,29,25,3,40,60,1069861582,507260840,115417354,262005653,228160674,490715014,317885734,66262898,56
128,강남구 삼성동,강남구보훈회관,14043834,0,25,45,25,6,0,35,65,12184258,1859576,0,1519497,2605510,4815029,1964164,335474,3
129,강남구 삼성동,강남구보훈회관,12341473,0,41,25,24,10,0,22,79,9491923,2849550,0,1264972,2750674,6062912,1566187,180362,3
130,강남구 삼성동,강남구보훈회관,14294453,0,30,38,21,10,0,28,72,11640266,2654187,36178,1729333,3465900,5868810,805793,417697,3
131,강남구 삼성동,강남구보훈회관,13764274,0,24,45,29,3,0,20,80,10973267,2791007,0,2864679,2962032,4096722,1536599,365074,3
132,강남구 삼성동,"강남구청(청담역_8번, 강남세무서)",473266637,0,19,43,24,14,1,39,61,364921708,108344929,7574863,117587605,143054340,98171512,55380064,21097156,24
133,강남구 삼성동,"강남구청(청담역_8번, 강남세무서)",514934621,0,19,40,25,15,1,41,60,407505303,107429318,9707703,124268197,148385944,98903865,62131537,24816620,23
134,강남구 삼성동,"강남구청(청담역_8번, 강남세무서)",439973490,0,22,39,23,15,1,43,58,347741733,92231757,8153895,112684121,119310176,89439241,57088943,22065237,21
135,강남구 삼성동,"강남구청(청담역_8번, 강남세무서)",399281047,0,21,40,24,15,1,41,59,321730734,77550313,7387979,89697200,105530797,86268466,52752808,22962669,24
136,강남구 삼성동,강남구청역,3110156732,0,11,35,27,23,4,32,68,2568870671,541286061,55640065,699266566,670204043,898436479,367387691,122309494,107
137,강남구 삼성동,강남구청역,3747672743,0,13,33,24,24,6,35,65,3034633746,713038997,58297690,846312815,821464988,1035360176,476416009,155796204,112
138,강남구 삼성동,강남구청역,3197789936,0,15,36,23,23,4,37,63,2611860283,585929653,41741581,769711752,768832422,758290340,335004299,141106398,115
139,강남구 삼성동,강남구청역,2702408440,0,17,40,21,19,4,42,58,2211890281,490518159,33160516,772418653,742041735,432289146,236645680,83203264,98
140,강남구 삼성동,강남구청역 2번,42911690,0,14,51,29,5,0,35,66,41720118,1191572,0,8477229,14461943,7805301,4219481,487147,9
141,강남구 삼성동,강남구청역 2번,60729683,0,11,52,30,7,0,36,64,60587805,141878,0,15913033,15693031,13855690,4740962,841203,9
142,강남구 삼성동,강남구청역 2번,50302100,0,13,50,31,6,0,41,59,49983388,318712,105895,10958289,15366438,10656549,4781044,1478098,9
143,강남구 삼성동,강남구청역 2번,22158650,0,16,59,24,1,0,54,46,22158650,0,0,6428985,4055558,4425253,3467517,168911,6
144,강남구 삼성동,강남구청역 4번,15845143,0,21,56,19,4,0,32,68,13190163,2654980,3326,3792846,4196359,4029192,2437653,569766,9
145,강남구 삼성동,강남구청역 4번,22224706,0,22,51,19,6,2,32,68,19526933,2697773,0,5566130,6508955,6569505,2316267,771111,10
146,강남구 삼성동,강남구청역 4번,21896159,0,23,50,23,4,0,37,63,17443037,4453122,2464,4730837,5766728,5333192,3181362,1066344,9
147,강남구 삼성동,강남구청역 4번,18741656,0,20,53,26,2,0,33,67,16939905,1801751,0,4306794,5342193,5439962,1828914,481165,6
148,강남구 삼성동,봉은사역,953877937,0,29,44,18,8,1,59,41,839901055,113976882,2769393,191151958,294141234,204359723,96432084,24828737,51
149,강남구 삼성동,봉은사역,1260068002,0,25,42,21,11,1,54,46,1057822019,202245983,6661794,261939710,395436292,260127314,131026507,44589925,54
150,강남구 삼성동,봉은사역,1137436007,0,28,41,22,9,1,56,44,1015832046,121603961,7993895,220160779,339873255,217753137,121421964,42491858,54
151,강남구 삼성동,봉은사역,1103725686,0,28,42,20,9,1,56,44,950396464,153329222,8159595,227915641,332187568,219102812,106472333,37987252,49
152,강남구 삼성동,봉은사역 4번,1215537,0,0,26,54,20,0,9,91,494568,720969,21359,485551,247284,75467,264371,59329,3
153,강남구 삼성동,봉은사역 4번,5208627,0,0,61,30,9,0,24,76,3887250,1321377,25156,742802,824912,305664,716696,268642,3
154,강남구 삼성동,봉은사역 4번,9729037,0,0,22,61,17,0,18,82,7567083,2161954,67523,1056184,955174,3102954,613309,214190,3
155,강남구 삼성동,봉은사역 4번,2775182,0,0,21,64,15,0,53,47,1225503,1549679,38445,406287,740428,157578,1111591,195075,3
156,강남구 삼성동,삼성역,8100704841,0,18,38,25,19,1,40,60,6388828442,1711876399,31041965,2159822221,2732828346,1307664962,656649038,183111980,151
157,강남구 삼성동,삼성역,10527235839,0,17,37,26,18,1,40,60,8148995833,2378240006,51360023,3043182656,3437531905,1698709474,829074808,248816040,155
158,강남구 삼성동,삼성역,9044118912,0,17,37,27,19,1,41,59,6941220821,2102898091,72070334,2581952419,2833665983,1643426332,693706783,195032980,150
159,강남구 삼성동,삼성역,10877450926,0,17,38,26,19,0,41,59,8411124603,2466326323,126448093,3060866948,3467165368,1772311167,781468517,237541322,156
160,강남구 삼성동,삼성중앙역,1130567295,0,16,45,21,15,3,52,48,955368759,175198536,6541047,184708059,322601690,212192815,112655404,40301255,62
161,강남구 삼성동,삼성중앙역,1498899918,0,17,42,21,17,3,52,48,1280721181,218178737,12372303,268995628,436652234,270075484,142533710,65512453,68
162,강남구 삼성동,삼성중앙역,1489457304,1,20,43,20,14,3,54,46,1279365127,210092177,11604278,284783468,404135554,256983773,138972573,62625509,69
163,강남구 삼성동,삼성중앙역,1748638831,1,17,41,22,12,7,52,48,1495462420,253176411,10405800,323272128,465404997,287234501,152651295,146815347,72
164,강남구 삼성동,삼성중앙역 7번,10360386,0,19,36,23,16,7,32,68,8230067,2130319,0,2543397,3140042,2906657,965912,203394,5
165,강남구 삼성동,삼성중앙역 7번,15195430,0,9,38,23,20,10,55,45,12533996,2661434,79891,3206579,3393493,4530647,1670633,1770859,6
166,강남구 삼성동,삼성중앙역 7번,17309527,0,17,42,22,16,4,57,44,14977903,2331624,0,3502087,4640211,5351007,1539351,1478489,6
167,강남구 삼성동,삼성중앙역 7번,9103206,0,19,55,20,6,0,55,45,8444566,658640,35734,1600952,1968959,3178590,1096553,307749,3
168,강남구 삼성동,언주중학교,5367953,0,10,44,31,16,0,27,73,4829436,538517,95114,2418992,1823994,462292,287815,36367,4
169,강남구 삼성동,언주중학교,12165460,0,5,37,34,24,0,29,71,10930503,1234957,22380,3137189,3015805,4552045,1299256,138785,6
170,강남구 삼성동,언주중학교,11083460,0,12,42,31,15,0,25,75,10031613,1051847,88091,3007367,2968495,3491612,1049752,327080,6
171,강남구 삼성동,언주중학교,9740098,0,15,42,32,9,2,29,71,8024694,1715404,220974,3459773,2884076,2169074,672000,334201,6
172,강남구 삼성동,청담역 12번,41243233,0,21,42,26,12,0,39,61,29106424,12136809,154031,9268053,15562025,4255037,5107384,2609400,3
173,강남구 삼성동,청담역 12번,56410745,0,21,35,30,13,0,44,56,34984572,21426173,278839,12071665,18739453,6174034,9821470,3926274,3
174,강남구 삼성동,청담역 12번,49815407,0,25,40,22,12,1,42,58,35320641,14494766,442611,13753224,15393383,5931115,5400834,3184124,3
175,강남구 삼성동,청담역 12번,46326995,0,27,36,25,12,0,41,59,31063898,15263097,161337,10996491,17951762,4925955,5383179,3363116,3
176,강남구 삼성동,코엑스,729743883,0,9,36,30,24,1,43,57,514009899,215733984,7391800,164035549,221088953,111644720,75425047,33838514,27
177,강남구 삼성동,코엑스,884744494,0,12,36,29,22,2,44,57,639082751,245661743,8276834,204974005,263689584,128254598,86187905,36407823,27
178,강남구 삼성동,코엑스,700649173,0,11,38,29,21,1,45,55,521045666,179603507,8265427,170455139,194124684,99378856,67544674,25156318,29
179,강남구 삼성동,코엑스,1067525989,0,10,36,30,23,1,39,61,755157801,312368188,21850147,277002192,296230464,153613727,93788315,36839326,30
180,강남구 삼성동,포스코사거리,5495676693,0,20,43,24,12,1,51,49,4664344678,831332015,15611344,947656351,1534953889,992530178,515228414,174656811,208
181,강남구 삼성동,포스코사거리,7176554279,0,20,44,23,13,1,49,51,6116812571,1059741708,22378591,1291304723,1949165415,1238399193,649245361,394479153,211
182,강남구 삼성동,포스코사거리,6861998425,0,21,42,23,12,1,50,50,5866206684,995791741,17561751,1260624885,1773671727,1248803320,609817107,286311564,212
183,강남구 삼성동,포스코사거리,7866513841,0,21,41,23,13,2,50,50,6709542907,1156970934,26464339,1511384268,1996061266,1320246987,692178686,235376952,206
184,강남구 세곡동,대왕초등학교(세곡동사거리서남측),599361,0,72,28,0,0,0,19,81,599361,0,0,0,78275,342173,0,0,1
185,강남구 세곡동,대왕초등학교(세곡동사거리서남측),2846965,0,0,43,57,0,0,3,97,2846965,0,0,0,156550,722364,1968051,0,3
186,강남구 세곡동,대왕초등학교(세곡동사거리서남측),2113418,0,0,93,7,0,0,0,100,2113418,0,0,0,0,1129392,984026,0,2
187,강남구 세곡동,대왕초등학교(세곡동사거리서남측),3063898,0,0,91,8,2,0,2,99,3063898,0,0,0,44728,2035144,984026,0,2
188,강남구 세곡동,은곡마을(은곡마을공원),281534724,0,24,37,23,16,1,41,59,176793747,104740977,2164071,37269045,70250901,80504120,37795949,19612380,6
189,강남구 세곡동,은곡마을(은곡마을공원),334682127,0,27,32,24,16,1,42,58,198972101,135710026,1017515,41098508,95205828,92498727,46931686,15131014,4
190,강남구 세곡동,은곡마을(은곡마을공원),371136621,0,26,34,20,18,2,39,61,224087408,147049213,4268997,43050203,102527173,98407376,60011940,18408034,3
191,강남구 세곡동,은곡마을(은곡마을공원),351846829,0,31,35,19,14,1,41,59,213519759,138327070,1517537,39318863,94026814,100396708,50952418,22322178,3
192,강남구 수서동,수서역,1288317044,0,25,39,23,13,1,57,43,1080988234,207328810,8790395,234592806,360940288,272535160,143787540,90105607,60
193,강남구 수서동,수서역,1560209092,0,25,37,21,15,2,55,45,1297649569,262559523,12504583,310808304,439459735,331665779,203421108,103934168,62
194,강남구 수서동,수서역,1900970010,0,25,34,22,18,1,51,49,1564220610,336749400,19809382,388906977,518110833,392871968,272900954,127367631,63
195,강남구 수서동,수서역,2775548257,0,19,29,22,24,6,45,55,2145500339,630047918,42714599,747559851,745435512,485580062,365832251,164124948,76
196,강남구 신사동,가로수길,5273547767,0,5,23,30,35,7,36,64,3399388088,1874159679,93455260,1821308091,1310642005,670307909,789844436,205620283,169
197,강남구 신사동,가로수길,6758505071,0,6,23,28,33,10,37,63,4403003130,2355501941,152188950,2362056119,1690163215,889843108,891817547,245247520,179
198,강남구 신사동,가로수길,5496311119,0,6,25,31,31,6,36,64,3680800227,1815510892,105204975,1900668944,1341199437,670591128,708505370,215920140,176
199,강남구 신사동,가로수길,5515976289,2,6,25,28,30,10,39,61,3644832791,1871143498,125999966,1953050095,1302196021,681418934,678485035,244317249,164
200,강남구 신사동,강남시장(동작구 강남시장),36510447,0,3,21,31,37,9,60,40,28057864,8452583,297944,12234378,11254219,2585768,6329385,2275369,5
201,강남구 신사동,강남시장(동작구 강남시장),86666890,0,8,34,16,26,17,45,55,48147168,38519722,1186824,28993716,16912739,12625237,24720819,2227555,6
202,강남구 신사동,강남시장(동작구 강남시장),62952721,0,6,29,26,27,12,70,30,42940166,20012555,1764699,23621445,12817669,8408991,14807341,1532576,8
203,강남구 신사동,강남시장(동작구 강남시장),10821283,0,19,29,28,22,3,76,24,7838499,2982784,63214,3082120,3526422,1124300,654714,270916,6
204,강남구 신사동,강남을지병원,660916565,0,18,34,32,14,2,59,41,591166470,69750095,611516,126790109,206114542,196430182,51003903,14318266,64
205,강남구 신사동,강남을지병원,684752862,0,19,38,27,12,4,60,40,576212817,108540045,2559091,139652844,196947375,164555338,55881506,42775979,65
206,강남구 신사동,강남을지병원,772317498,0,19,37,20,20,4,53,47,689773153,82544345,6519234,191212398,222248169,160771140,60972543,19324727,69
207,강남구 신사동,강남을지병원,1004639448,1,19,37,20,19,5,55,45,891858389,112781059,6882323,259312717,257418532,208834070,92584823,31090266,76
208,강남구 신사동,도산공원교차로,1162718231,0,20,41,26,10,2,60,40,963555380,199162851,1540032,153890766,264254888,383652780,75222933,35018977,48
209,강남구 신사동,도산공원교차로,1464760665,0,11,32,23,27,7,68,32,1079407979,385352686,3122089,154434171,277881309,597082689,124796896,62664116,50
210,강남구 신사동,도산공원교차로,1213599689,0,13,37,30,16,5,60,40,1099217312,114382377,4134836,168409408,251240103,413324538,74877126,71697496,50
211,강남구 신사동,도산공원교차로,1291348621,0,16,44,27,13,1,61,39,1020723964,270624657,3406199,197941281,281605997,495459308,77554117,33692602,48
212,강남구 신사동,도산공원북측,265442448,0,1,25,35,31,8,32,68,133714982,131727466,2217119,106369796,82359299,24273035,20202932,8241180,3
213,강남구 신사동,도산공원북측,329569086,0,0,34,33,23,9,31,69,183213795,146355291,2118940,114400637,99035534,34980355,28366439,11445998,3
214,강남구 신사동,도산공원북측,229316965,3,0,34,32,23,9,38,62,127783134,101533831,4683724,78138136,72651328,27883930,17565444,8078066,3
215,강남구 신사동,도산공원북측,223592536,0,0,28,32,25,15,29,71,110065263,113527273,2443614,69918146,79659982,23887774,13891166,6505949,3
216,강남구 신사동,성수대교남단,306350437,0,12,30,22,35,1,43,58,250140591,56209846,2858981,56163102,66645108,39551778,35003290,10380471,33
217,강남구 신사동,성수대교남단,379729120,0,16,29,21,14,20,45,55,325148132,54580988,3643341,61197317,88968962,45685990,53182228,10478245,35
218,강남구 신사동,성수대교남단,458527399,0,14,31,31,21,3,36,65,356571984,101955415,12571320,128361240,110265549,70358777,33397160,12834853,33
219,강남구 신사동,성수대교남단,389151734,0,15,30,31,23,2,34,66,287490778,101660956,14090860,119236784,85142788,59372664,28419997,9093992,21
220,강남구 신사동,신사역,2399207304,0,15,38,21,21,4,48,53,1954121547,445085757,20367674,624938952,682998564,351369505,239968541,105783475,126
221,강남구 신사동,신사역,3093060201,0,16,37,21,20,6,48,52,2558693230,534366971,32862587,807712572,846284921,498939158,321859990,158336525,142
222,강남구 신사동,신사역,3150496088,0,18,38,22,20,2,45,55,2597775628,552720460,48588489,865729908,835487785,464892889,359608203,163159638,148
223,강남구 신사동,신사역,2236409838,1,16,36,23,16,7,45,55,1878509187,357900651,27120539,583300907,542066583,321772995,239866923,110469497,120
224,강남구 신사동,신사은행나무공원,137139131,0,2,35,37,25,0,26,74,86119223,51019908,844094,54381143,49357065,11504628,8363832,3954841,13
225,강남구 신사동,신사은행나무공원,99904837,0,2,30,39,28,1,26,74,64506155,35398682,595195,41672396,35142936,8762146,7961882,2781709,14
226,강남구 신사동,신사은행나무공원,81526190,0,1,27,28,15,30,21,79,62470489,19055701,718926,23525998,19185855,29338849,3728365,1434953,11
227,강남구 신사동,신사은행나무공원,46426693,0,1,26,64,10,0,33,67,35801261,10625432,172353,12681473,6812426,2026306,1698385,810895,9
228,강남구 신사동,압구정역,1959645984,0,14,33,29,23,2,42,58,1413015958,546630026,35395883,460655381,495896157,359647061,243341836,114630121,118
229,강남구 신사동,압구정역,2649588594,0,14,33,27,23,3,43,57,1923462064,726126530,55598906,612437251,688463794,490604612,339119187,147781265,122
230,강남구 신사동,압구정역,2933451321,0,15,33,29,21,2,41,59,2195847969,737603352,88945459,798953360,692181800,526168365,355772589,157031967,128
231,강남구 신사동,압구정역,3012530300,0,16,31,29,21,3,39,61,2268282079,744248221,71900785,777464104,703791304,538428186,368924686,162389301,118
232,강남구 압구정동,압구정로데오역(압구정로데오),1281771191,0,6,21,23,36,14,42,58,841614174,440157017,17182360,461772848,406757008,165264824,89436187,46015939,77
233,강남구 압구정동,압구정로데오역(압구정로데오),1719393754,0,5,21,21,31,22,43,57,1158673098,560720656,24177719,644354445,526256325,224826164,106641195,52980796,69
234,강남구 압구정동,압구정로데오역(압구정로데오),1609886246,0,5,22,26,35,12,43,58,1048399731,561486515,31498296,655102255,421097439,181311824,122575617,53702531,71
235,강남구 압구정동,압구정로데오역(압구정로데오),1842190061,4,5,21,21,29,20,42,58,1202933724,639256337,25763278,746432831,532322146,203820951,142731855,52743465,61
236,강남구 압구정동,한남IC,227205016,12,52,12,10,13,0,74,26,118067637,109137379,228220,57024152,109430198,33735549,6805419,4676238,12
237,강남구 압구정동,한남IC,585394438,3,12,5,3,65,12,91,9,396309626,189084812,2683612,156734472,223123140,72128874,16098126,5106931,13
238,강남구 압구정동,한남IC,70846284,0,25,35,31,9,0,55,45,58069494,12776790,819055,11902991,19031042,11726473,7126373,4640823,10
239,강남구 압구정동,한남IC,116740719,0,18,34,36,13,0,39,61,95485485,21255234,925928,23601523,30763313,14937541,14139084,6257325,12
240,강남구 역삼동,선정릉역,1284693559,1,16,40,24,18,2,49,51,1083630425,201063134,6426689,315683744,394077318,238019469,122807429,44231920,107
241,강남구 역삼동,선정릉역,1644572606,0,15,40,23,20,2,50,50,1363362646,281209960,7785434,391084596,539592304,302556614,145859415,66389672,106
242,강남구 역삼동,선정릉역,1444523589,0,17,40,22,18,3,49,51,1227631438,216892151,9428227,363251066,472404573,253618506,135643340,50578346,109
243,강남구 역삼동,선정릉역,1697674610,0,15,42,24,17,2,46,54,1432896364,264778246,8099700,464698328,528647667,266951428,143318418,67532451,105
244,강남구 역삼동,선정릉역 4번,29491383,3,0,18,27,39,14,57,43,20896143,8595240,0,11727318,13014646,2929050,1508363,312006,3
245,강남구 역삼동,선정릉역 4번,41236433,3,1,20,26,38,12,54,46,31369333,9867100,35391,20490361,13841076,3319836,1884374,1665395,4
246,강남구 역삼동,선정릉역 4번,31322229,3,0,23,26,35,13,57,43,22287332,9034897,29699,12260772,12718716,3693086,1825226,794730,3
247,강남구 역삼동,선정릉역 4번,98748279,0,1,31,28,25,15,58,42,81059471,17688808,288000,26808559,28646111,13825081,17336168,1805021,6
248,강남구 역삼동,강남언주로,198025934,0,12,50,20,16,3,54,46,166850809,31175125,1740954,48745743,70719094,36659708,18286621,6468036,30
249,강남구 역삼동,강남언주로,260265595,0,12,52,18,15,3,54,46,216610382,43655213,1879414,62353614,88858528,48966342,21780537,8695191,31
250,강남구 역삼동,강남언주로,263272829,0,15,47,19,16,3,55,45,217280590,45992239,2826920,57644783,87867764,45536922,26391608,8056847,32
251,강남구 역삼동,강남언주로,210682529,1,11,49,18,16,6,55,45,178966066,31716463,1563761,51998128,74376452,33002688,18115501,5513605,25
252,강남구 역삼동,강남역,12411864819,0,14,32,24,26,4,45,55,9530242652,2881622167,294005024,4617004305,3243926546,1727716263,1150111587,391754132,409
253,강남구 역삼동,강남역,14990600711,0,15,30,23,26,6,44,56,11365700768,3624899943,374371480,5690504740,3912279672,2064123247,1424342214,479887029,399
254,강남구 역삼동,강남역,13570941387,0,17,32,25,23,4,45,55,10373301507,3197639880,431415073,5184822588,3341156149,1876733575,1350451533,445008285,390
255,강남구 역삼동,강남역,17953454283,2,13,30,26,25,5,40,60,13229538409,4723915874,536244528,7666035506,4513819592,2174973166,1528391756,467600611,400
256,강남구 역삼동,개나리아파트,541796346,1,43,36,15,6,1,37,64,519128562,22667784,1545472,62661920,129243921,154108332,63297193,10327947,43
257,강남구 역삼동,개나리아파트,666896771,0,43,35,16,5,0,38,62,634238219,32658552,1850190,78186878,149066738,183987646,85475979,13536329,51
258,강남구 역삼동,개나리아파트,681022372,1,41,34,16,5,4,36,64,625286191,55736181,3186649,77427273,150245228,211809835,88545316,14821534,51
259,강남구 역삼동,개나리아파트,630824627,0,43,36,16,4,0,38,62,592015148,38809479,951846,80033722,137866278,188090186,88138995,15271226,50
260,강남구 역삼동,구역삼세무서,1499287837,1,17,42,21,17,2,52,48,1271827046,227460791,6189006,303686856,437816279,252281970,131628106,58186331,115
261,강남구 역삼동,구역삼세무서,2108928621,0,17,45,18,17,3,49,51,1833192690,275735931,5289508,447603637,556181456,341192036,192738898,72542024,122
262,강남구 역삼동,구역삼세무서,1788553557,0,19,41,21,16,2,49,51,1527194930,261358627,6609359,382450325,481749993,288295039,149127509,65222665,109
263,강남구 역삼동,구역삼세무서,1773483388,0,18,45,20,13,3,50,50,1553880559,219602829,8111551,393968970,486437167,266294510,118558219,60518130,97
264,강남구 역삼동,국기원,2404788303,0,0,19,37,43,1,31,69,1433058021,971730282,93481953,1584980547,416198280,108283954,173772457,28071112,26
265,강남구 역삼동,국기원,3443758172,0,0,20,34,45,1,30,70,2098632194,1345125978,121896296,2204451542,675368825,173220093,221111408,47710008,25
266,강남구 역삼동,국기원,2767434793,0,1,22,38,39,1,31,69,1715980737,1051454056,136135666,1757516843,509813659,146981803,185329317,31657505,26
267,강남구 역삼동,국기원,2564140275,0,1,18,39,39,3,30,70,1515571611,1048568664,137787878,1603783868,502572155,136455550,157598270,25942554,20
268,강남구 역삼동,도성초등학교,539100406,0,13,38,28,20,1,44,56,402980798,136119608,28160502,104995545,89981837,128951522,77770896,15286653,32
269,강남구 역삼동,도성초등학교,666897604,0,10,38,25,26,2,46,54,496536159,170361445,34794705,136610657,103161376,168792913,104571902,26825957,33
270,강남구 역삼동,도성초등학교,750986683,0,9,36,28,25,3,45,56,548453355,202533328,43594110,145942217,131820305,204746946,127127841,17230324,33
271,강남구 역삼동,도성초등학교,647159068,0,13,37,24,24,2,42,58,502628920,144530148,47497986,107026997,84893202,165784852,86264354,12720903,29
272,강남구 역삼동,도신초등학교,1813823,0,0,62,38,0,0,33,67,1813823,0,0,42718,93980,310135,538252,25631,3
273,강남구 역삼동,도신초등학교,5438906,0,2,69,18,11,0,18,82,4846829,592077,123883,593786,1157668,1506250,878290,205048,3
274,강남구 역삼동,도신초등학교,4789586,0,1,65,25,9,0,18,82,4315412,474174,48851,1190413,1089388,1923696,493094,44144,3
275,강남구 역삼동,도신초등학교,878290,0,0,95,5,0,0,20,80,878290,0,33589,153503,122566,418367,150265,0,2
276,강남구 역삼동,르네상스호텔사거리,1838620976,0,17,48,24,9,1,52,49,1589677388,248943588,1065365,295197676,534939235,325175266,181413615,87784420,76
277,강남구 역삼동,르네상스호텔사거리,2376454145,0,16,53,21,9,1,54,46,2053565000,322889145,2942656,387038070,703695167,396931949,256746903,115122051,80
278,강남구 역삼동,르네상스호텔사거리,2173314649,0,19,51,20,9,1,53,47,1954999755,218314894,6261453,372365956,632950912,366860471,206266154,96279940,85
279,강남구 역삼동,르네상스호텔사거리,2994076666,1,17,49,21,10,2,55,45,2513303730,480772936,20356119,543247751,767042874,451023001,286408516,155897901,94
280,강남구 역삼동,베르사이유1아파트,165408574,0,16,33,16,35,0,68,32,156471853,8936721,0,25498047,35732790,74237548,13500094,2619725,3
281,강남구 역삼동,베르사이유1아파트,139263320,0,20,44,22,13,2,54,46,130300096,8963224,104879,28081684,42094446,30975447,16549484,3809483,3
282,강남구 역삼동,베르사이유1아파트,97846304,0,20,49,21,10,1,54,46,92381310,5464994,186076,20204468,26718481,20941441,11499495,2805801,3
283,강남구 역삼동,베르사이유1아파트,12142867,0,25,47,17,11,0,55,45,12142867,0,146605,3405190,2704304,2747158,1972405,84580,1
284,강남구 역삼동,신논현역,4113470938,1,13,29,26,25,6,44,56,3073934647,1039536291,57994308,1534681611,1129210243,525919999,380622639,124501463,175
285,강남구 역삼동,신논현역,5093819230,1,13,29,25,25,8,44,56,3764017272,1329801958,83996060,1922905262,1419643818,650102945,453530440,148402092,184
286,강남구 역삼동,신논현역,4407383979,1,14,32,27,23,4,46,54,3339291420,1068092559,92227327,1565446357,1174298733,573717026,419183249,123166059,184
287,강남구 역삼동,신논현역,4788162672,1,12,30,25,26,6,45,55,3601383185,1186779487,93177456,1768405813,1251684104,606810270,451993879,129716093,171
288,강남구 역삼동,신논현역 1번,780029536,6,10,26,22,28,8,55,45,603847443,176182093,3776487,183800201,216532039,114150861,60509895,28784508,37
289,강남구 역삼동,신논현역 1번,857193114,3,6,28,23,29,12,50,50,676413467,180779647,4989558,198159876,235626682,125366231,101798368,27538408,40
290,강남구 역삼동,신논현역 1번,804747126,2,8,29,24,27,9,54,46,622703291,182043835,5126671,198379101,230192105,149492292,80167552,26882078,42
291,강남구 역삼동,신논현역 1번,818524832,3,9,33,23,22,11,56,44,631576386,186948446,4437978,186189765,254557101,120708663,72398905,38812686,40
292,강남구 역삼동,역삼역,8154908153,0,19,43,22,14,1,52,48,7277561085,877347068,13520158,1669650217,2270545963,1172515126,609240386,254308429,314
293,강남구 역삼동,역삼역,11108585246,0,20,44,21,14,2,51,49,9907323313,1201261933,25807696,2463368601,3183813511,1601382728,786925608,361734707,328
294,강남구 역삼동,역삼역,10916210871,0,21,45,21,12,1,52,49,9791036738,1125174133,34319226,2368855410,2959827518,1573381169,799678547,332082556,341
295,강남구 역삼동,역삼역,11953419557,0,20,44,20,14,2,52,49,10666444492,1286975065,36727459,2859983983,3332870567,1649055498,784638567,370490301,333
296,강남구 역삼동,역삼역 4번,103109132,0,15,51,24,10,0,51,49,91978072,11131060,44336,28065952,25572040,14429229,5873165,3269462,18
297,강남구 역삼동,역삼역 4번,157954023,0,12,50,21,9,7,48,52,140517865,17436158,99913,37507264,38339571,24381607,9163806,13969804,18
298,강남구 역삼동,역삼역 4번,107527699,0,14,49,26,11,1,53,47,91456694,16071005,219863,29001164,28994232,15360910,9691709,1815107,15
299,강남구 역삼동,역삼역 4번,96988281,0,11,57,22,10,1,55,45,84407408,12580873,228859,23912347,27350481,10858071,8163406,1963999,14
300,강남구 역삼동,역삼역 8번,33574803,5,23,27,23,17,5,51,49,25909640,7665163,499627,5506042,9297423,5763732,2266329,1036160,10
301,강남구 역삼동,역삼역 8번,82518842,1,15,33,25,19,6,49,51,57410249,25108593,2045849,15067289,24582670,19594903,9993248,2574556,12
302,강남구 역삼동,역삼역 8번,91181567,1,18,30,25,20,6,54,46,63596580,27584987,1555944,17925639,26840127,19648573,11952923,3845614,13
303,강남구 역삼동,역삼역 8번,35488543,4,17,37,26,10,7,60,40,28271804,7216739,61291,5796456,10330651,7108075,2256519,552377,11
304,강남구 율현동,아래방죽마을공원(율현초등학교),53420058,0,10,50,25,15,0,40,60,38133846,15286212,40841,7158848,17240746,11307129,5945286,6470385,6
305,강남구 율현동,아래방죽마을공원(율현초등학교),65944833,0,12,50,25,13,0,45,55,45159085,20785748,116688,6617142,20378084,18101025,10050886,5760246,6
306,강남구 율현동,아래방죽마을공원(율현초등학교),56355944,0,13,47,27,13,0,45,55,39503770,16852174,186701,6520561,15982843,13591893,7557923,6175162,6
307,강남구 율현동,아래방죽마을공원(율현초등학교),55846014,0,12,53,24,12,0,50,51,40823520,15022494,105019,7364220,17458953,13863776,5963956,4604533,3
308,강남구 율현동,윗방죽마을공원,390709328,0,13,47,21,18,2,45,55,294413358,96295970,547000,83552386,133315429,67167401,21213805,14275559,12
309,강남구 율현동,윗방죽마을공원,520551028,0,14,46,18,19,4,46,54,387685793,132865235,1746263,112027563,181868870,91586887,27130799,16669199,12
310,강남구 율현동,윗방죽마을공원,487022310,0,16,47,19,16,2,43,57,375275013,111747297,1639118,110342766,177897672,76847037,19227878,13204868,12
311,강남구 율현동,윗방죽마을공원,497982318,0,17,45,19,15,3,46,54,366007319,131974999,5684284,128141490,158412556,76007741,33196291,11302588,12
312,강남구 율현동,한국교통안전공단 강남자동차검사소,16348873,0,11,59,30,0,0,87,13,15347369,1001504,0,1240602,6401504,4457143,1962406,1127820,3
313,강남구 율현동,한국교통안전공단 강남자동차검사소,29224060,0,19,58,23,1,0,57,43,27803008,1421052,0,1832870,8025929,7000123,3864206,7688902,3
314,강남구 율현동,한국교통안전공단 강남자동차검사소,20571429,0,3,62,32,3,0,60,40,19624061,947368,0,1997110,2931445,5869107,5046348,2846216,3
315,강남구 율현동,한국교통안전공단 강남자동차검사소,21153383,0,8,65,28,0,0,65,35,21153383,0,0,2989260,4929406,6431341,3552948,2212834,3
316,강남구 청담동,경기고교사거리(경기고교앞사거리),48887955,0,33,47,20,0,0,49,51,42798858,6089097,0,10210656,18438212,12639512,2836487,2025679,3
317,강남구 청담동,경기고교사거리(경기고교앞사거리),91289748,0,32,47,21,0,0,47,54,77661100,13628648,611946,18788147,34764145,21308338,6327336,3655327,3
318,강남구 청담동,경기고교사거리(경기고교앞사거리),87991780,0,34,44,23,0,0,57,43,73980082,14011698,748262,16749709,30745320,22998416,5659000,3703341,3
319,강남구 청담동,경기고교사거리(경기고교앞사거리),77460233,0,38,44,18,0,0,60,40,67423849,10036384,1127791,17452719,28165617,16995215,6208974,4403473,3
320,강남구 청담동,언북초등학교,45911336,0,7,23,36,34,1,30,70,33786035,12125301,112030,19448687,10965313,8362173,5050015,593171,3
321,강남구 청담동,언북초등학교,63708061,0,8,28,37,27,1,28,72,47302477,16405584,746205,21542675,16479407,12937064,5690347,1146491,3
322,강남구 청담동,언북초등학교,55020233,0,9,27,39,25,0,29,71,39938497,15081736,740875,21821169,11806031,8918217,5271272,957274,3
323,강남구 청담동,언북초등학교,62838466,0,8,24,37,30,1,29,71,45719455,17119011,623615,24278316,12797951,11745268,5623188,1119307,3
324,강남구 청담동,영동대교남단교차로,132788719,0,21,45,23,10,0,48,52,119462674,13326045,489749,36679773,41066075,21301058,10846152,4523596,15
325,강남구 청담동,영동대교남단교차로,172030533,0,21,43,23,12,0,46,54,154588693,17441840,351481,39473573,58111448,28728139,15948527,10553639,15
326,강남구 청담동,영동대교남단교차로,208550373,0,19,43,25,13,0,53,47,187924273,20626100,433528,39662631,62117850,47118666,19486736,8312978,16
327,강남구 청담동,영동대교남단교차로,261614115,0,25,45,22,8,0,45,55,231592819,30021296,530574,63707360,83725992,43035177,24559060,8074317,24
328,강남구 청담동,청담근린공원,26432639,0,4,52,21,23,0,33,67,22074555,4358084,327848,8503929,4953675,3403297,3321335,878290,3
329,강남구 청담동,청담근린공원,37969454,0,4,44,22,23,8,32,68,31045525,6923929,353731,10176532,8016758,4239599,5176842,4314083,3
330,강남구 청담동,청담근린공원,29710836,0,4,52,19,20,6,32,68,25204358,4506478,537787,7995764,5953901,3426304,3996013,3666726,3
331,강남구 청담동,청담근린공원,30843926,0,6,55,14,18,7,40,60,26518626,4325300,152421,7779211,8298880,2505741,3549391,3750126,3
332,강남구 청담동,청담사거리(청담동명품거리),1338756586,0,13,38,27,22,1,36,65,1020253086,318503500,3948729,350541158,422698329,181873732,117839420,49100754,68
333,강남구 청담동,청담사거리(청담동명품거리),1649279949,0,14,36,28,20,2,35,65,1248559720,400720229,6837342,435848481,516870624,233841197,146393011,65082956,71
334,강남구 청담동,청담사거리(청담동명품거리),1433334798,0,14,36,30,20,1,38,62,1072371123,360963675,9531948,387577888,425348222,195472462,151661692,57557019,70
335,강남구 청담동,청담사거리(청담동명품거리),1519678375,0,12,36,28,22,2,38,62,1119128150,400550225,11763878,421398927,467972838,201212793,137185586,60873268,66
336,강남구 청담동,청담초등학교,5860290,0,7,44,48,2,0,32,68,4473228,1387062,0,905103,2091209,996592,1066843,307147,3
337,강남구 청담동,청담초등학교,3143350,0,16,49,35,0,0,35,65,2581338,562012,0,277739,1663165,493395,179713,529338,1
338,강남구 청담동,청담초등학교,437847,0,22,37,15,25,0,63,37,437847,0,0,0,0,405172,0,32675,1
339,강남구 청담동,청담초등학교,1176305,0,3,35,56,7,0,32,68,1110955,65350,0,228726,379031,490128,0,39210,3
340,강남구 청담동,학동사거리,3403586971,0,5,28,35,28,4,32,68,2247861460,1155725511,17030781,1157671560,1051152612,470479652,265073575,90983889,76
341,강남구 청담동,학동사거리,4793471058,1,5,28,31,28,7,34,66,3171672236,1621798822,33430728,1620961384,1525531965,574954501,411717955,140047216,74
342,강남구 청담동,학동사거리,4211907681,0,6,31,33,26,4,35,65,2819554300,1392353381,41287142,1393088117,1262992605,515272850,338006557,146945536,68
343,강남구 청담동,학동사거리,3919264618,2,6,28,30,27,9,37,63,2598734510,1320530108,44156525,1278978076,1139623488,504963713,291179721,156255955,65
